,itot,jtot,Wall time
0,128,128,42.706755643
1,256,128,83.974453475
2,256,256,171.050712339
3,512,256,356.625648637
4,512,512,732.669636769
5,1024,512,1488.926682732
