,itot,jtot,Wall time
0,128,128,26.139425559
1,256,128,54.856428345000005
2,256,256,109.65475366400001
3,512,256,226.741925344
4,512,512,472.279476494
5,1024,512,961.809538225
