,itot,jtot,Wall time
0,128,128,4.070548569
1,256,128,7.654847865
2,256,256,14.94424633
3,512,256,29.313348354
4,512,512,58.30011527
5,1024,512,118.090982422
