,itot,jtot,Wall time
0,128,128,85.187227594
1,256,128,190.55025180200002
2,256,256,401.254811655
3,512,256,1058.485313163
4,512,512,2124.608875941
5,1024,512,4185.632272002
6,1024,1024,8706.087831547
