,itot,jtot,Wall time
0,128,128,3.752772986
1,256,128,10.110528454999999
2,256,256,16.292309334
3,512,256,39.683079756
4,512,512,74.31232890800001
5,1024,512,163.862279557
6,1024,1024,395.277244694
