,itot,jtot,Wall time
0,128,128,2.771910629
1,256,128,4.968996839000001
2,256,256,9.463963098
3,512,256,18.26678166
4,512,512,36.536541187
5,1024,512,73.275036215
6,1024,1024,148.495326399
