Module;4GPU;8GPU
Advection;0.9031243e1;0.1014802e1
Subgrid;0.1537675e2;0.2062842e1
Poisson;0.1255832e2;0.1657243e2
Thermodynamics;0.1161859e3;0.4316597e1
Total;194.692111389;28.075736649
