Module;4GPU;8GPU
Advection;0.2157711e1;0.1014802e1
Subgrid;0.4056207e1;0.2062842e1
Poisson;0.3892513e1;0.1657243e2
Thermodynamics;0.8013832e1;0.4316597e1
Total;23.906073341;28.075736649
