Module;single;multi
Advection;0.9031243e1;0.2165717e1
Subgrid;0.1537675e2;0.4164884e1
Poisson;0.1255832e2;0.1355303e2
Thermodynamics;0.1161859e3;0.2910562e2
Total;194.692111389;64.586009687
